Customer - Parent  Account  Number,Customer - Parent  Account,Address1,Address2,Address3,Address4,Town,State,Postcode,Country,Value,Cost,Profit,GP,Average Price,Quantity,Count
SAND122CHA~00000,PETER SANDFORT LLC,T/A SARISAND TILE,685 RIO ROAD,,,CHARLOTTESVILLE,VA,22901-0000,USA,"96,859.00","73,579.44","23,279.56",24.03%,4,"24,209.53",81
WOOD111GAL~00000,WOOD PLUS HARDWOOD FLRG,WOOD PLUS HARDWOOD FLRG,111 DEPOT AVENUE,,,GALAX,VA,24333-0000,USA,"81,750.23","64,796.59","16,953.64",20.74%,3.72,"21,974.35",70
CENT560LYN~00000,CENTRAL VA FLOORING,CENTRAL VA FLOORING,7621 TIMBERLAKE ROAD,,,LYNCHBURG,VA,24502-0000,USA,"80,358.04","62,232.51","18,125.53",22.56%,2.86,"28,116.88",116
WHIT125ROA~00000,"THE WHITT GROUP, INC",T/A PROSOURCE OF ROANOKE,1250-B TRAPPER CIRCLE NW,,,ROANOKE,VA,24012-0000,USA,"48,855.31","39,212.79","9,642.52",19.74%,3.67,"13,318.12",47
CARP411ROA~00000,CARPETLAND USA-RKE SOUTH,PODELL INC,4118 ELECTRIC ROAD,,,ROANOKE,VA,24018-0000,USA,"45,603.79","36,413.49","9,190.30",20.15%,3.04,"14,992.18",115
NEAT427LEW~00000,S.J. NEATHAWK LBR CO INC,S.J. NEATHAWK LBR CO INC,3235 JEFFERSON STREET N,,,LEWISBURG,WV,24901-0000,USA,"42,513.30","34,849.62","7,663.68",18.03%,3.47,"12,241.58",31
FARM167FAR~00000,FARMVILLE FLOORING LLC,FARMVILLE FLOORING LLC,2202 B WEST 3RD STREET,,,FARMVILLE,VA,23901-0000,USA,"33,519.54","27,536.77","5,982.77",17.85%,2.85,"11,741.10",39
CARP785ROA~00000,CARPETLAND USA OF ROANOKE,CARPETLAND USA OF ROANOKE,7851 PLANTATION ROAD,,,ROANOKE,VA,24019-0000,USA,"29,824.40","24,272.54","5,551.86",18.62%,2.56,"11,646.86",69
FAYE155OAK~00000,FAYETTE AWNING & GLASS,FAYETTE AWNING & GLASS,1555 MAIN STREET E,,,OAK HILL,WV,25901-0000,USA,"25,974.87","21,067.94","4,906.93",18.89%,2.66,"9,780.51",32
SPEN130LEX~00000,SPENCER HOME CENTER INC,SPENCER HOME CENTER INC,1398 NORTH LEE HIGHWAY,,,LEXINGTON,VA,24450-0000,USA,"21,794.61","17,840.88","3,953.73",18.14%,3.04,"7,172.68",25
ELPC242CHR~00000,ELP PROP,T/A CPT LAND USA CHRSTNBG,2425 SYCAMORE STREET,,,CHRISTIANSBURG,VA,24073-0000,USA,"20,696.45","16,801.72","3,894.73",18.82%,2.54,"8,143.31",30
CARD525WYL~00000,KITUWAH MANUFACTURING LLC,T/A CARDINAL HOMES,525 BARNESVILLE HWY,,,WYLLIESBURG,VA,23976-0000,USA,"20,565.73","15,644.69","4,921.04",23.93%,2.1,"9,795.02",25
HALLRT2EVI~00000,BLUE RIDGE FLOORS INC,BLUE RIDGE FLOORS INC,301 ENTERPRISE DRIVE,,,FOREST,VA,24551-0000,USA,"17,592.64","13,008.55","4,584.09",26.06%,3.6,"4,892.84",39
FLOO385CHR~00000,FLOORED LLC,FLOORED LLC,385 RADFORD STREET,,,CHRISTIANSBURG,VA,24073-0000,USA,"14,311.21","11,188.24","3,122.97",21.82%,2.91,"4,918.84",32
SQUI425DAN~00000,J W SQUIRE CO,J W SQUIRE CO,874 CAHILL COURT,,,DANVILLE,VA,24541-0000,USA,"14,255.79","11,154.85","3,100.94",21.75%,2.9,"4,921.38",33
FLOO880LYN~00000,THE FLOOR SHOW INC,DBA CARPET ONE FLOOR&HOME,20695 TIMBERLAKE ROAD,,,LYNCHBURG,VA,24502-0000,USA,"13,261.39","10,281.16","2,980.23",22.47%,3.53,"3,755.38",30
CARP363ROA~00000,CARPET VILLAGE,CARPET VILLAGE,4142 MELROSE AVE SUITE 8,,,ROANOKE,VA,24017-0000,USA,"12,407.20","9,837.21","2,569.99",20.71%,1.96,"6,324.00",36
FLOO180CHA~00000,FLOOR FASHIONS,2422 RICHMOND RD.,RT 250E,,,CHARLOTTESVILLE,VA,22901-0000,USA,"10,774.50","8,462.22","2,312.28",21.46%,3.8,"2,832.87",14
MANNS30SAL~00000,MANNINGTON MILLS INC.,FINANCIAL SVCS BILLING,75 MANN MILLS DR PO BOX30,,,SALEM,NJ,08079-0000,USA,"9,676.39","8,008.16","1,668.23",17.24%,4.36,"2,221.59",6
MILL750SOP~00000,MILLS FLOOR COVERING LLC,MILLS FLOOR COVERING LLC,750 ROBERT C BYRD DRIVE,,,SOPHIA,WV,25921-0000,USA,"9,621.52","7,782.12","1,839.40",19.12%,2.27,"4,245.48",8
BHFL600CHA~00000,B & H FLOORS LLC,B & H FLOORS LLC,295 FREE BRIDGE LANE,,,CHARLOTTESVILLE,VA,22911-0000,USA,"7,263.13","5,497.36","1,765.77",24.31%,3.05,"2,384.60",22
DESI804HAR~00000,DESIGNER SOLUTIONS INC,STORAGE UNIT DD410,13000 MONETA ROAD,,,MONETA,VA,24121-0000,USA,"7,246.38","6,041.99","1,204.39",16.62%,6.01,"1,205.88",3
CARP237MAR~00000,CARPETLAND USA OF,MARTINSVILLE,2370 GREENBORO ROAD,,,MARTINSVILLE,VA,24112-0000,USA,"6,652.43","5,501.41","1,151.02",17.30%,1.99,"3,349.83",13
FASH439ROA~00000,FASHION FLRS OF ROANOKE,FASHION FLRS OF ROANOKE,4393 ELECTRIC ROAD,,,ROANOKE,VA,24018-0000,USA,"5,882.27","4,599.48","1,282.79",21.81%,3.05,"1,929.53",19
CARP150ROA~00000,THE CPT SHOP OF ROANOKE,T/A THE CARPET SHOPS,1502 WILLIAMSON ROAD NE,,,ROANOKE,VA,24012-0000,USA,"4,121.52","3,231.56",889.96,21.59%,3.32,"1,240.27",10
BBMA340ROA~00000,B & B MACHINE TOOL INC,T/A ROCK FAB,3406 ORANGE AVENUE NE,,,ROANOKE,VA,24012-0000,USA,"3,367.68","2,632.97",734.71,21.82%,3.87,869.57,9
BYDE129HAR~00000,BY DESIGN INTERIORS LLC,UNIT C,75 BUILDERS PRIDE DRIVE,,,HARDY,VA,24101-0000,USA,"3,360.54","2,581.25",779.29,23.19%,3.45,973.69,8
ROAN160SAL~00000,ROANOKE RIVER WHSALE INC,T/A ROANOKE RVR CABINETRY,1608 BROOKLAND DRIVE,,,SALEM,VA,24153-0000,USA,"3,297.02","2,586.23",710.79,21.56%,3.85,856.37,1
WHIT317SAL~00000,WHITT CPT & TILE,DBA WHITT CARPET ONE,200 WEST 4TH STREET,,,SALEM,VA,24153-0000,USA,"3,203.26","2,511.00",692.26,21.61%,4.35,735.76,11
FALL137ROA~00000,FALLETTA ENTERPRISES,T/A REBATH,5119 HOLLINS ROAD,,,ROANOKE,VA,24019-0000,USA,"2,496.00","1,849.44",646.56,25.90%,3.25,768,8
CARP122CHA~00000,CARPET PLUS,CARPET PLUS,805 PRESTON AVE,,,CHARLOTTESVILLE,VA,22903-0000,USA,"2,449.02","1,906.15",542.87,22.17%,3.97,616.88,4
NEWC149DAN~00000,NEWCOMB CARPET INC,NEWCOMB CARPET INC,1491 W MAIN STREET,,,DANVILLE,VA,24541-0000,USA,"1,974.48","1,378.08",596.4,30.21%,2.55,774,2
HOUS231SOU~00000,THE HOUSE OF CARPETS INC,THE HOUSE OF CARPETS INC,231 MAIN STREET,,,SOUTH BOSTON,VA,24592-0000,USA,"1,692.31","1,298.03",394.28,23.30%,2.34,721.94,6
CARPRT4GRE~00000,CARPETS BY WORLEY,CARPETS BY WORLEY,34865 US HIGHWAY 29,,,GRETNA,VA,24557-0000,USA,586.8,462,124.8,21.27%,4.89,120,1
CAVA385EAR~00000,CAVALIER CARPETS INC,CAVALIER CARPETS INC,8707 SEMINOLE TRAIL,,,RUCKERSVILLE,VA,22968-0000,USA,522,432,90,17.24%,1.74,300,2
RALE193BEC~00000,7867 LLC,T/A RALEIGH TILE OF BKLY,1934 ROBERT C BYRD DRIVE,,,BECKLEY,WV,25801-0000,USA,82.44,67.68,14.76,17.90%,2.29,36,1
